model,pr_auc,roc_auc,f1
LogisticRegression,0.052169,0.771105,0.068966
RandomForest,0.057275,0.739349,0.000000
