epoch,pr_auc,roc_auc,f1
1,0.012044,0.070611,0.000000
2,0.012074,0.071696,0.000000
3,0.015807,0.310750,0.000000
4,0.033613,0.682249,0.000000
5,0.054107,0.808185,0.000000
6,0.069451,0.850000,0.000000
7,0.076997,0.862919,0.000000
8,0.082330,0.872091,0.000000
9,0.084702,0.878501,0.000000
10,0.083652,0.876529,0.000000
